user_id,restaurant_id
1,7
1,8
1,12
1,15
1,16
1,22
1,30
1,34
1,35
1,39
1,42
1,57
1,62
1,66
1,72
1,75
1,77
1,93
1,96
1,98
2,42
2,64
2,97
2,98
3,1
3,5
3,11
3,16
3,22
3,32
3,50
3,81
3,98
4,7
4,29
4,69
5,7
5,9
5,15
5,20
5,25
5,30
5,34
5,40
5,41
5,72
5,78
5,81
5,88
5,97
6,2
6,11
6,26
6,61
6,78
6,89
6,99
7,2
7,3
7,4
7,5
7,11
7,16
7,21
7,32
7,35
7,39
7,42
7,50
7,54
7,58
7,59
7,74
7,81
7,82
7,88
7,94
7,98
8,11
8,26
8,35
8,36
8,38
8,41
8,44
8,55
8,66
8,74
8,80
8,86
8,90
8,96
8,97
9,1
9,9
9,18
9,35
9,37
9,47
9,54
9,57
9,59
9,75
9,76
10,12
10,46
10,50
10,67
10,69
10,72
10,78
11,6
11,31
11,64
11,84
11,98
12,4
12,30
12,48
12,52
12,98
13,2
13,12
13,18
13,27
13,31
13,32
13,39
13,52
13,55
13,61
13,66
13,67
13,69
13,71
13,74
13,85
13,88
13,96
14,4
14,8
14,12
14,14
14,16
14,17
14,18
14,19
14,21
14,24
14,28
14,33
14,34
14,35
14,52
14,54
14,62
14,65
14,70
14,88
14,89
14,94
15,15
15,23
15,26
15,29
15,30
15,45
15,53
15,62
15,66
15,75
15,92
15,97
17,1
17,5
17,14
17,19
17,20
17,28
17,33
17,34
17,52
17,61
17,66
17,72
17,84
17,88
17,92
17,97
17,98
18,2
18,13
18,15
18,19
18,29
18,30
18,52
18,54
18,61
18,68
18,72
18,75
18,93
18,94
18,97
18,99
19,11
19,12
19,14
19,36
19,37
19,45
19,68
19,70
19,72
19,77
19,79
20,13
20,14
20,25
20,28
20,44
20,47
20,50
20,54
20,58
20,65
20,71
20,73
20,76
21,7
21,10
21,14
21,23
21,29
21,33
21,35
21,38
21,39
21,46
21,48
21,49
21,50
21,84
21,91
21,93
21,94
21,98
21,99
22,8
22,11
22,14
22,15
22,21
22,26
22,31
22,43
22,44
22,53
22,54
22,59
22,66
22,67
22,79
22,85
22,100
23,3
23,4
23,25
23,32
23,34
23,40
23,71
23,75
23,84
23,86
24,6
24,25
24,42
24,58
24,81
24,86
24,92
24,100
25,11
25,47
25,70
25,74
26,10
26,12
26,13
26,14
26,16
26,20
26,29
26,31
26,33
26,34
26,40
26,41
26,44
26,46
26,50
26,51
26,56
26,64
26,71
26,78
26,85
26,87
26,96
27,8
27,9
27,14
27,30
27,35
27,40
27,45
27,50
27,62
27,64
27,71
27,73
27,86
27,91
27,94
27,96
27,99
28,6
28,8
28,10
28,21
28,52
28,59
28,98
29,9
29,12
29,14
29,20
29,33
29,47
29,53
29,66
29,76
29,87
29,89
30,6
30,10
30,12
30,14
30,27
30,30
30,31
30,39
30,56
30,57
30,63
30,66
30,68
30,73
30,75
30,76
30,78
30,93
30,94
31,6
31,12
31,17
31,18
31,22
31,37
31,45
31,53
31,54
31,61
31,82
31,86
31,95
31,98
31,100
32,7
32,18
32,28
32,31
32,33
32,35
32,37
32,38
32,40
32,54
32,58
32,69
32,79
32,81
32,86
32,91
32,94
32,99
33,2
33,14
33,20
33,27
33,28
33,31
33,34
33,40
33,74
33,98
34,14
34,21
34,35
34,64
35,58
36,4
36,15
36,25
36,28
36,41
36,42
36,59
36,63
36,68
36,69
36,72
36,84
36,85
36,87
36,90
36,93
36,98
37,22
37,30
37,33
37,38
37,47
37,51
37,56
37,57
37,59
37,70
37,71
37,75
37,78
37,80
37,86
37,87
38,18
38,55
39,1
39,5
39,6
39,12
39,14
39,30
39,37
39,49
39,55
39,71
39,79
39,96
40,7
40,8
40,15
40,18
40,19
40,21
40,23
40,26
40,32
40,42
40,48
40,49
40,51
40,53
40,54
40,65
40,69
40,70
40,74
40,75
40,87
40,90
40,97
41,66
41,84
41,96
42,33
42,58
42,66
42,67
42,75
42,80
42,98
43,55
44,1
44,2
44,3
44,4
44,6
44,8
44,14
44,21
44,22
44,24
44,26
44,27
44,28
44,34
44,39
44,47
44,50
44,51
44,53
44,57
44,68
44,89
44,92
44,95
45,5
45,7
45,9
45,14
45,16
45,17
45,35
45,38
45,47
45,50
45,67
45,69
45,77
45,81
45,87
45,95
45,97
46,37
46,44
46,57
46,64
46,69
46,77
47,11
47,12
47,18
47,25
47,26
47,47
47,57
47,59
47,60
47,62
47,67
47,69
47,70
47,83
47,90
47,92
47,97
47,98
47,99
48,11
48,20
48,22
48,35
48,45
48,58
48,61
48,64
48,70
48,73
48,78
48,85
49,5
49,11
49,13
49,21
49,26
49,30
49,33
49,42
49,53
49,56
49,57
49,59
49,62
49,63
49,64
49,65
49,66
49,72
49,73
49,89
49,99
50,89
51,1
51,2
51,5
51,11
51,20
51,25
51,29
51,41
51,49
51,52
51,57
51,58
51,59
51,65
51,76
51,77
51,91
51,93
51,94
52,3
52,8
52,14
52,20
52,25
52,42
52,49
52,70
53,51
53,86
53,95
54,19
54,90
55,6
55,10
55,20
55,29
55,34
55,39
55,45
55,47
55,48
55,76
55,78
55,89
56,12
56,48
56,83
56,87
56,96
57,10
57,18
57,65
57,78
57,90
58,2
58,12
58,17
58,22
58,28
58,39
58,52
58,66
58,77
58,96
59,3
59,21
59,27
59,41
59,48
59,57
59,61
59,62
59,64
59,77
59,78
59,79
59,81
59,83
59,90
59,91
59,94
59,100
60,12
60,26
60,28
60,33
60,34
60,38
60,71
60,82
60,92
61,3
61,7
61,22
61,34
61,41
61,65
61,78
61,90
62,1
62,19
62,23
62,31
62,35
62,40
62,45
62,48
62,58
62,61
62,66
62,73
62,80
62,81
62,82
62,89
63,7
63,8
63,9
63,12
63,15
63,25
63,28
63,32
63,33
63,34
63,41
63,62
63,71
63,72
63,75
63,78
63,79
63,95
63,98
63,100
64,9
64,17
64,26
64,33
64,47
64,51
64,58
64,66
64,70
64,71
64,77
64,78
64,81
64,86
65,2
65,13
65,14
65,24
65,34
65,35
65,48
65,53
65,62
65,65
65,69
65,73
65,80
65,83
65,85
65,87
65,99
66,16
66,19
66,32
66,33
66,60
66,87
66,95
67,5
67,6
67,23
67,31
67,49
67,51
67,53
67,56
67,60
67,66
67,79
67,82
67,94
68,5
68,15
68,19
68,25
68,27
68,28
68,31
68,59
68,66
68,88
68,93
69,73
70,13
70,14
70,16
70,17
70,19
70,20
70,28
70,41
70,44
70,45
70,58
70,62
70,64
70,73
70,90
70,92
70,96
71,32
71,35
71,52
71,56
71,64
71,80
72,13
72,15
72,30
72,36
72,44
72,47
72,51
72,60
72,76
72,77
72,78
72,81
72,90
72,94
73,28
73,56
73,89
74,5
74,10
74,15
74,16
74,18
74,23
74,24
74,30
74,34
74,35
74,43
74,54
74,56
74,59
74,62
74,79
74,96
74,100
75,3
75,4
75,5
75,25
75,35
75,36
75,41
75,43
75,45
75,63
75,77
75,79
75,89
75,98
75,99
76,3
76,5
76,6
76,9
76,18
76,37
76,41
76,42
76,54
76,57
76,58
76,60
76,61
76,66
76,72
76,81
76,82
76,83
76,89
76,90
76,91
76,93
77,19
77,33
77,37
77,46
77,49
77,51
77,72
77,76
77,82
77,83
77,84
77,88
77,94
77,97
77,98
77,100
78,2
78,4
78,6
78,9
78,23
78,26
78,29
78,33
78,35
78,41
78,42
78,44
78,52
78,57
78,63
78,69
78,70
78,71
78,73
78,75
78,77
78,98
79,4
79,6
79,10
79,11
79,16
79,24
79,35
79,38
79,43
79,48
79,49
79,55
79,58
79,63
79,64
79,67
79,70
79,78
79,79
79,84
79,85
79,86
79,91
79,92
80,10
80,11
80,12
80,16
80,18
80,19
80,23
80,38
80,50
80,58
80,75
80,77
80,79
80,82
80,84
80,86
80,91
81,14
81,38
81,57
81,75
81,82
82,9
82,23
82,68
82,70
83,2
83,3
83,13
83,17
83,20
83,21
83,22
83,24
83,25
83,26
83,30
83,40
83,41
83,42
83,47
83,50
83,51
83,58
83,62
83,87
83,89
83,99
84,1
84,16
84,17
84,19
84,25
84,26
84,27
84,30
84,32
84,36
84,39
84,51
84,56
84,59
84,64
84,69
84,72
84,74
84,86
84,99
85,13
85,29
85,31
85,51
85,63
85,72
85,79
85,95
85,99
86,7
86,13
86,22
86,24
86,43
86,44
86,47
86,50
86,53
86,54
86,56
86,60
86,63
86,67
86,68
86,69
86,71
86,79
86,92
86,98
87,18
87,26
87,34
87,37
87,39
87,42
87,43
87,52
87,57
87,60
87,65
87,69
87,74
87,76
87,78
87,85
87,87
87,94
87,98
88,2
88,12
88,18
88,28
88,33
88,35
88,47
88,51
88,66
88,71
88,75
88,88
89,4
89,21
89,34
89,39
89,40
89,42
89,45
89,57
89,62
89,63
89,72
89,73
89,85
89,96
89,97
90,3
90,6
90,20
90,21
90,22
90,26
90,31
90,41
90,46
90,49
90,56
90,62
90,71
90,83
90,94
91,9
91,11
91,12
91,13
91,15
91,24
91,30
91,42
91,49
91,51
91,59
91,66
91,68
91,70
91,71
91,75
91,89
91,92
91,94
92,16
92,21
92,23
92,28
92,34
92,37
92,44
92,52
92,65
92,70
92,74
92,89
92,97
92,99
93,4
93,9
93,15
93,22
93,23
93,28
93,31
93,32
93,40
93,51
93,58
93,60
93,61
93,64
93,75
93,77
93,86
93,99
94,1
94,4
94,11
94,14
94,25
94,27
94,32
94,43
94,46
94,48
94,62
94,82
94,89
94,90
94,94
94,96
94,98
95,1
95,3
95,18
95,20
95,36
95,52
95,66
95,75
95,83
95,94
95,95
95,98
96,6
96,8
96,11
96,17
96,20
96,21
96,24
96,26
96,40
96,43
96,44
96,49
96,56
96,62
96,64
96,72
96,79
96,84
96,87
96,89
96,93
97,2
97,3
97,7
97,15
97,20
97,25
97,32
97,33
97,36
97,38
97,42
97,44
97,46
97,52
97,53
97,57
97,69
97,71
97,72
97,74
97,75
97,83
97,88
97,95
98,3
98,8
98,15
98,20
98,33
98,34
98,36
98,47
98,51
98,69
98,70
98,77
98,80
98,90
98,91
98,92
98,95
98,97
99,1
99,6
99,12
99,14
99,17
99,19
99,32
99,42
99,43
99,46
99,50
99,57
99,62
99,70
99,74
99,75
99,76
99,88
99,92
99,95
99,98
100,2
100,13
100,23
100,40
100,43
100,49
100,57
100,62
100,67
100,84
100,85
101,11
101,19
101,58
101,60
102,2
102,6
102,10
102,15
102,17
102,20
102,26
102,29
102,34
102,37
102,38
102,39
102,45
102,54
102,57
102,62
102,63
102,68
102,71
102,73
102,80
102,86
102,91
102,95
104,2
104,9
104,13
104,22
104,30
104,45
104,46
104,52
104,57
104,66
104,76
104,85
104,87
104,89
104,95
104,97
105,7
105,10
105,25
105,27
105,31
105,44
105,63
106,3
106,10
106,16
106,22
106,23
106,26
106,27
106,34
106,35
106,39
106,52
106,55
106,57
106,58
106,63
106,65
106,72
106,82
106,83
106,89
106,93
107,59
107,63
108,5
108,8
108,14
108,15
108,19
108,22
108,25
108,26
108,29
108,37
108,50
108,53
108,55
108,59
108,62
108,63
108,75
108,82
108,90
108,91
108,98
108,100
109,7
109,15
109,24
109,25
109,31
109,35
109,38
109,44
109,47
109,57
109,67
109,75
109,84
109,93
109,95
110,5
110,10
110,13
110,19
110,38
110,63
110,71
110,84
112,7
112,10
112,12
112,14
112,19
112,28
112,30
112,37
112,42
112,48
112,52
112,63
112,64
112,74
112,75
112,78
112,79
112,92
112,96
112,97
113,8
114,5
114,16
114,23
114,25
114,26
114,33
114,34
114,38
114,52
114,61
114,70
114,77
114,82
114,93
115,27
115,36
115,39
115,46
115,51
115,55
115,56
115,58
115,59
115,61
115,65
115,71
115,73
115,77
115,81
115,82
115,83
115,87
115,88
115,95
116,6
116,19
116,30
116,33
116,35
116,41
116,67
116,77
116,78
116,80
116,93
117,25
117,26
117,35
117,67
118,82
119,9
119,18
119,26
119,34
119,81
119,88
119,92
120,1
120,27
120,39
120,44
120,54
120,58
120,86
121,13
121,18
121,21
121,39
121,44
121,46
121,52
121,64
121,75
121,86
122,18
122,21
122,59
123,7
123,92
123,100
124,73
125,1
125,3
125,4
125,9
125,16
125,20
125,25
125,28
125,38
125,41
125,45
125,47
125,48
125,52
125,59
125,68
125,70
125,71
125,73
125,83
125,92
125,96
126,3
126,5
126,6
126,7
126,15
126,18
126,25
126,30
126,31
126,48
126,49
126,57
126,58
126,71
126,78
126,79
126,80
126,82
126,84
126,93
126,96
126,97
126,100
127,3
127,7
127,11
127,27
127,43
127,49
127,55
127,58
127,65
127,69
127,70
127,71
127,81
127,82
127,83
127,84
127,93
127,95
127,96
127,97
128,1
128,11
128,14
128,20
128,24
128,34
128,36
128,38
128,42
128,45
128,46
128,52
128,59
128,62
128,63
128,66
128,69
128,72
128,75
128,87
128,88
128,90
128,94
129,3
129,19
129,20
129,28
129,29
129,33
129,39
129,42
129,79
129,82
129,85
129,86
129,87
129,89
130,59
130,66
131,1
131,3
131,13
131,22
131,32
131,40
131,42
131,50
131,52
131,53
131,64
131,67
131,70
131,71
131,76
131,79
131,92
132,1
132,12
132,18
132,19
132,20
132,21
132,35
132,46
132,48
132,53
132,60
132,61
132,74
132,78
132,82
132,83
132,92
132,96
132,98
132,100
133,6
133,29
133,70
134,3
134,9
134,20
134,24
134,25
134,30
134,37
134,40
134,44
134,49
134,50
134,54
134,60
134,73
134,74
134,79
134,80
134,83
134,89
134,93
134,97
135,49
136,34
136,44
136,56
137,3
137,19
137,23
137,36
137,37
137,41
137,47
137,63
137,67
137,85
137,87
137,91
137,98
138,2
138,12
138,16
138,22
138,31
138,32
138,35
138,36
138,41
138,47
138,53
138,56
138,62
138,63
138,67
138,68
138,83
138,84
138,86
138,90
138,92
138,96
138,97
138,98
139,1
139,3
139,6
139,19
139,22
139,33
139,34
139,55
139,59
139,64
139,65
139,70
139,72
139,73
139,74
139,83
139,97
139,98
140,2
140,19
140,22
140,52
140,67
140,75
140,78
140,89
141,3
141,20
141,24
141,31
141,33
141,35
141,43
141,52
141,54
141,56
141,58
141,65
141,66
141,71
141,76
141,81
141,96
142,1
142,11
142,23
142,25
142,30
142,31
142,34
142,41
142,52
142,57
142,60
142,67
142,68
142,71
142,79
142,84
142,85
142,86
142,94
142,96
142,99
143,26
143,49
143,58
143,71
143,78
144,1
144,27
144,34
144,35
144,37
144,38
144,48
144,50
144,53
144,56
144,58
144,59
144,61
144,69
144,79
144,83
144,86
144,92
144,96
144,99
145,17
145,38
145,44
145,98
146,5
146,6
146,7
146,11
146,12
146,19
146,33
146,34
146,36
146,39
146,40
146,43
146,53
146,54
146,64
146,70
146,72
146,74
146,77
146,80
146,85
146,92
146,94
147,1
147,2
147,12
147,14
147,17
147,32
147,34
147,36
147,37
147,43
147,44
147,55
147,57
147,62
147,70
147,88
147,94
147,95
147,96
148,17
148,23
148,27
148,28
148,35
148,42
148,48
148,59
148,72
148,77
148,85
148,90
148,93
148,94
148,95
149,15
149,67
149,71
150,1
150,14
150,19
150,21
150,27
150,40
150,45
150,49
150,61
150,71
150,91
150,100
151,2
151,9
151,23
151,26
151,29
151,30
151,33
151,38
151,47
151,55
151,67
151,91
151,94
152,15
152,35
152,38
152,42
152,64
152,77
152,88
152,89
152,92
152,94
153,7
153,13
153,16
153,17
153,18
153,25
153,44
153,48
153,55
153,62
153,75
153,83
153,88
153,89
154,22
154,32
154,37
154,43
154,45
154,48
154,58
154,77
154,88
154,90
155,3
155,7
155,17
155,24
155,32
155,59
156,29
156,34
156,44
156,48
156,56
156,65
156,71
156,76
156,82
156,84
156,87
157,10
157,16
157,21
157,30
157,38
157,41
157,47
157,59
157,60
157,66
157,70
157,71
157,72
157,73
157,75
157,76
157,83
157,86
157,92
157,100
158,2
158,7
158,14
158,15
158,16
158,22
158,30
158,37
158,39
158,41
158,42
158,48
158,50
158,55
158,59
158,70
158,74
158,77
158,86
158,96
159,10
159,30
159,43
159,45
159,50
159,52
159,73
159,86
159,87
159,88
159,90
160,3
160,11
160,12
160,15
160,22
160,34
160,39
160,53
160,61
160,62
160,71
160,83
161,1
161,3
161,5
161,11
161,16
161,18
161,20
161,24
161,25
161,36
161,41
161,43
161,54
161,60
161,61
161,73
161,77
161,82
161,83
161,85
161,86
161,90
161,95
161,98
162,18
162,20
162,23
162,26
162,31
162,46
162,48
162,64
162,66
162,77
162,99
163,60
163,65
163,87
163,90
163,96
164,4
164,5
164,6
164,7
164,8
164,13
164,27
164,32
164,49
164,53
164,55
164,57
164,63
164,64
164,66
164,74
164,77
164,83
164,85
164,86
164,91
164,98
164,99
164,100
165,3
165,9
165,17
165,19
165,24
165,26
165,32
165,34
165,35
165,36
165,41
165,50
165,54
165,55
165,57
165,61
165,67
165,70
165,72
165,76
165,77
165,78
165,90
165,95
166,4
166,8
166,9
166,11
166,17
166,18
166,26
166,29
166,37
166,40
166,41
166,42
166,44
166,48
166,60
166,62
166,69
166,73
166,79
166,85
166,92
167,13
167,14
167,15
167,21
167,27
167,44
167,58
167,82
167,83
167,86
167,88
167,94
167,96
168,13
168,14
168,16
168,19
168,22
168,24
168,29
168,38
168,43
168,47
168,52
168,58
168,62
168,70
168,71
168,75
168,90
168,91
168,95
168,97
169,14
169,33
169,35
169,45
169,53
169,72
169,74
169,79
169,90
169,97
170,1
170,3
170,6
170,8
170,10
170,17
170,39
170,41
170,43
170,52
170,54
170,59
170,62
170,80
170,92
170,93
170,95
170,100
171,9
171,17
171,40
171,57
171,70
171,88
171,90
172,5
172,7
172,16
172,18
172,22
172,27
172,36
172,41
172,46
172,57
172,59
172,61
172,64
172,68
172,74
172,76
172,79
172,92
172,94
172,95
172,98
172,100
173,7
173,11
173,16
173,18
173,21
173,25
173,26
173,30
173,34
173,35
173,38
173,40
173,41
173,46
173,62
173,86
173,91
173,96
174,7
174,36
174,37
174,69
174,78
175,10
175,14
175,35
175,47
175,49
175,92
176,19
176,23
176,79
176,81
177,1
177,8
177,45
177,60
177,68
177,75
177,86
177,99
179,5
179,23
179,30
179,36
179,40
179,46
179,47
179,53
179,57
179,69
179,71
179,77
179,79
179,82
179,84
179,86
179,87
179,93
179,95
179,99
179,100
181,9
181,17
181,20
181,34
181,35
181,42
181,50
181,51
181,76
181,93
182,1
182,20
182,36
182,39
182,49
182,56
182,66
182,93
183,17
183,26
183,37
183,44
183,49
183,50
183,51
183,53
183,58
183,61
183,62
183,71
183,77
183,85
183,86
183,87
183,95
184,7
184,8
184,15
184,21
184,22
184,27
184,30
184,32
184,33
184,34
184,35
184,43
184,48
184,60
184,62
184,64
184,65
184,66
184,67
184,82
184,86
184,90
184,95
185,23
185,52
186,6
186,10
186,11
186,18
186,21
186,24
186,36
186,39
186,51
186,56
186,62
186,68
186,81
186,85
186,86
186,92
186,99
187,13
187,15
187,16
187,17
187,23
187,24
187,27
187,33
187,34
187,35
187,37
187,38
187,51
187,65
187,68
187,76
187,77
187,83
187,85
187,88
188,23
188,47
188,57
188,69
188,92
189,4
189,16
189,41
189,53
189,58
189,78
189,82
190,8
190,21
190,24
190,32
190,33
190,44
190,45
190,48
190,53
190,55
190,61
190,70
190,75
190,77
190,85
190,87
190,90
190,96
191,21
191,22
191,51
191,56
191,61
191,68
191,99
192,14
192,24
192,37
192,42
192,43
192,52
192,77
192,90
192,91
193,10
193,11
193,35
193,40
193,42
193,50
193,53
193,59
193,69
193,77
193,88
194,3
194,7
194,13
194,48
194,56
194,72
195,14
195,20
195,23
195,43
195,55
195,57
195,58
195,60
195,61
195,67
195,68
195,77
195,85
195,88
196,23
196,49
196,59
196,64
196,73
197,14
197,19
197,22
197,27
197,30
197,42
197,59
197,63
197,72
197,78
197,95
198,5
198,68
199,1
199,5
199,10
199,12
199,13
199,17
199,22
199,24
199,42
199,46
199,61
199,63
199,66
199,74
199,94
200,2
200,4
200,6
200,14
200,16
200,19
200,29
200,30
200,34
200,36
200,37
200,47
200,52
200,58
200,64
200,66
200,70
200,74
200,77
200,78
200,83
200,100
201,28
201,31
201,37
201,46
201,50
201,56
201,90
201,94
201,100
202,26
202,27
202,33
202,44
202,52
202,59
203,27
203,37
203,71
203,79
203,92
203,94
203,100
204,1
204,4
204,7
204,17
204,38
204,47
204,48
204,49
204,66
204,69
204,76
204,77
204,84
205,9
205,11
205,31
205,38
205,47
205,49
205,55
205,56
205,60
205,64
205,71
205,94
205,98
206,32
206,53
206,55
206,84
206,92
207,25
207,67
207,75
207,84
208,29
208,37
208,48
208,77
208,95
209,6
209,7
209,8
209,12
209,21
209,30
209,31
209,34
209,40
209,46
209,50
209,52
209,62
209,79
209,83
209,85
209,86
209,87
209,89
209,92
210,9
210,13
210,17
210,31
210,32
210,40
210,66
210,67
210,81
210,84
210,86
211,2
211,5
211,6
211,9
211,24
211,29
211,30
211,31
211,37
211,44
211,47
211,49
211,50
211,52
211,53
211,58
211,59
211,60
211,67
211,73
211,85
211,86
211,88
211,97
212,2
212,8
212,14
212,15
212,34
212,41
212,48
212,49
212,50
212,52
212,53
212,59
212,65
212,67
212,68
212,72
212,75
212,79
212,86
212,95
213,6
213,8
213,9
213,24
213,27
213,33
213,35
213,37
213,39
213,43
213,45
213,46
213,51
213,55
213,69
213,75
213,76
213,77
214,6
215,6
215,7
215,8
215,17
215,30
215,36
215,41
215,43
215,61
215,67
215,71
215,76
215,78
215,80
215,88
215,95
215,96
216,33
216,46
216,55
216,61
216,88
217,4
217,5
217,7
217,11
217,12
217,19
217,24
217,33
217,35
217,41
217,47
217,52
217,55
217,64
217,67
217,75
217,77
217,80
217,82
217,89
217,95
217,97
218,23
218,24
218,25
218,29
218,57
218,59
218,61
218,63
218,65
218,69
218,72
218,77
218,82
218,91
218,93
218,95
218,100
219,1
219,17
219,22
219,48
219,60
219,64
219,72
219,73
219,78
219,84
219,88
219,96
219,98
219,99
219,100
220,13
220,18
220,22
220,26
220,34
220,35
220,36
220,37
220,40
220,41
220,46
220,64
220,72
220,73
220,77
220,79
220,85
220,87
220,88
221,8
221,17
221,27
221,36
221,47
221,49
221,67
221,72
221,81
221,93
221,95
221,96
222,56
223,9
223,15
223,17
223,20
223,21
223,28
223,29
223,31
223,37
223,46
223,50
223,51
223,56
223,66
223,72
223,73
223,74
223,81
223,83
223,86
223,89
223,94
223,96
223,100
224,8
224,26
224,52
224,58
224,59
224,63
224,69
224,72
224,73
224,91
224,98
225,22
225,28
225,35
225,36
225,44
225,48
225,56
225,64
225,70
225,74
225,75
225,77
225,79
225,87
225,94
225,98
226,5
226,7
226,25
226,28
226,34
226,45
226,53
226,57
226,61
226,64
226,65
226,71
226,76
226,77
226,78
226,86
226,93
226,94
226,95
227,20
227,31
227,32
227,35
227,40
227,48
227,68
227,83
227,87
227,98
227,99
228,4
228,11
228,15
228,18
228,22
228,23
228,29
228,30
228,39
228,43
228,44
228,58
228,74
228,75
228,80
228,84
228,96
229,4
229,8
229,9
229,20
229,71
229,79
229,87
230,19
230,43
230,50
231,37
231,43
231,89
231,90
231,94
231,96
232,25
232,36
232,61
234,23
234,33
234,53
234,54
234,61
234,98
234,99
234,100
235,5
235,15
235,19
235,21
235,31
235,44
235,48
235,54
235,57
235,70
235,72
235,74
236,4
236,14
236,30
236,32
236,33
236,53
236,61
236,62
236,67
236,68
236,70
236,73
236,83
236,84
236,87
236,94
236,96
236,99
237,2
237,4
237,8
237,11
237,12
237,19
237,20
237,37
237,40
237,44
237,48
237,57
237,67
237,68
237,72
237,73
237,76
237,83
237,85
237,90
237,93
237,97
239,77
239,84
239,93
239,95
240,3
240,7
240,19
240,22
240,25
240,42
240,43
240,49
240,50
240,52
240,53
240,63
240,73
240,90
241,7
241,9
241,10
241,17
241,24
241,30
241,31
241,32
241,36
241,40
241,41
241,43
241,45
241,46
241,49
241,58
241,59
241,63
241,67
241,68
241,73
241,97
241,99
241,100
242,49
242,65
242,98
243,4
243,34
243,35
244,11
244,18
244,20
244,24
244,28
244,31
244,32
244,34
244,35
244,43
244,45
244,54
244,55
244,57
244,59
244,69
244,72
244,73
244,78
244,90
244,96
244,97
245,4
245,6
245,22
245,26
245,44
245,68
245,69
245,71
245,72
245,77
245,82
245,95
246,16
246,36
246,63
246,67
247,4
247,10
247,12
247,19
247,22
247,31
247,32
247,44
247,52
247,57
247,63
247,88
247,89
247,91
247,97
248,44
249,10
249,74
250,1
250,2
250,14
250,17
250,31
250,40
250,63
250,65
250,74
250,77
250,82
250,96
251,7
251,8
251,43
252,1
252,4
252,7
252,9
252,10
252,17
252,42
252,46
252,49
252,58
252,60
252,81
252,86
252,91
252,92
253,4
253,6
253,13
253,16
253,21
253,74
253,77
253,82
254,38
254,50
254,52
254,60
254,96
255,2
255,3
255,11
255,27
255,37
255,43
255,51
255,56
255,60
255,62
255,63
255,65
255,71
255,72
255,74
255,85
255,86
255,94
256,24
257,84
258,13
258,30
258,31
258,38
258,41
258,48
258,51
258,52
258,62
258,81
258,82
258,95
258,97
259,3
259,4
259,6
259,10
259,13
259,22
259,23
259,31
259,32
259,33
259,39
259,42
259,44
259,53
259,60
259,62
259,66
259,69
259,73
259,80
260,6
260,83
260,88
261,9
262,8
262,15
262,17
262,20
262,44
262,52
262,58
262,69
262,72
262,100
263,4
263,8
263,10
263,11
263,16
263,17
263,23
263,33
263,48
263,57
263,69
263,70
263,75
263,81
263,87
263,99
264,3
264,10
264,12
264,20
264,26
264,28
264,30
264,31
264,46
264,47
264,48
264,50
264,54
264,59
264,68
264,78
264,82
264,84
264,96
264,97
265,5
265,6
265,9
265,15
265,22
265,27
265,30
265,35
265,41
265,48
265,57
265,61
265,81
265,91
266,12
266,15
266,31
266,64
266,67
266,97
267,15
267,17
267,20
267,23
267,29
267,30
267,33
267,42
267,47
267,49
267,50
267,53
267,56
267,63
267,64
267,65
267,69
267,71
267,81
267,85
267,91
268,13
268,15
268,19
268,41
268,42
268,57
268,58
268,60
268,63
268,64
268,66
268,68
268,78
268,83
269,7
269,14
269,21
269,28
269,29
269,36
269,41
269,42
269,48
269,53
269,54
269,56
269,59
269,71
269,78
269,81
269,83
269,87
270,56
270,70
270,92
270,94
271,2
271,8
271,13
271,19
271,25
271,50
271,78
271,84
271,89
271,94
271,96
272,1
272,16
272,22
272,26
272,30
272,35
272,36
272,39
272,44
272,51
272,66
272,73
272,74
272,83
272,85
272,100
273,5
273,10
273,49
273,55
273,97
274,10
274,17
274,40
274,47
274,55
274,84
274,85
274,88
275,2
275,35
275,51
275,60
275,72
275,98
276,36
276,71
277,19
277,22
277,25
277,27
277,34
277,36
277,43
277,76
278,10
278,15
278,21
278,28
278,40
278,45
278,64
278,66
278,96
278,97
279,3
279,4
279,16
279,19
279,27
279,41
279,54
279,64
279,66
279,71
279,85
279,86
279,97
280,32
280,35
280,45
280,50
280,55
280,67
280,72
280,81
280,89
280,90
281,4
281,6
281,15
281,26
281,42
281,71
281,77
281,79
281,84
281,90
281,92
281,95
282,2
282,3
282,4
282,7
282,12
282,19
282,21
282,26
282,29
282,30
282,36
282,38
282,60
282,64
282,70
282,72
282,74
282,81
282,84
282,85
282,86
282,88
282,93
282,96
283,10
283,14
283,28
283,35
283,49
283,68
283,77
283,78
284,4
284,12
284,17
284,18
284,19
284,35
284,42
284,45
284,55
284,71
284,79
284,81
284,91
284,94
284,97
285,1
285,12
285,24
285,45
285,56
285,94
286,3
286,8
286,25
286,32
286,35
286,37
286,44
286,45
286,49
286,56
286,57
286,73
286,75
286,78
286,80
286,84
286,88
286,90
286,97
287,2
287,3
287,6
287,12
287,20
287,26
287,32
287,39
287,46
287,49
287,52
287,54
287,56
287,58
287,59
287,61
287,66
287,77
287,78
287,79
287,88
287,96
287,99
288,4
288,31
288,67
288,85
288,92
289,5
289,13
289,17
289,25
289,31
289,42
289,46
289,67
289,77
289,88
289,92
289,96
290,5
290,8
290,19
290,21
290,22
290,28
290,31
290,51
290,59
290,80
290,81
290,82
290,97
290,100
291,2
291,3
291,8
291,13
291,20
291,26
291,28
291,45
291,50
291,62
291,92
292,12
292,18
292,19
292,27
292,39
292,48
292,54
292,60
292,63
292,68
292,69
292,80
292,88
292,89
292,95
292,96
292,97
293,4
293,6
293,12
293,15
293,18
293,27
293,35
293,39
293,40
293,53
293,55
293,64
293,67
293,69
293,74
293,98
294,9
294,20
294,24
294,26
294,28
294,32
294,38
294,41
294,46
294,62
294,69
294,79
294,85
295,6
295,7
295,15
295,17
295,26
295,28
295,33
295,36
295,42
295,48
295,49
295,51
295,52
295,86
295,89
295,97
296,3
296,18
296,46
296,93
297,7
297,30
297,48
297,84
298,5
298,18
298,25
298,29
298,41
298,46
298,55
298,58
298,63
298,78
299,11
299,15
299,35
299,38
299,40
299,41
299,53
299,63
299,69
299,70
299,78
299,84
300,11
300,13
300,20
300,39
300,44
300,46
300,47
300,56
300,70
300,78
300,83
300,86
300,93
300,97
300,98
300,99
301,5
301,7
301,15
301,17
301,25
301,28
301,32
301,41
301,45
301,47
301,64
301,81
301,87
301,93
301,98
302,5
302,13
302,14
302,22
302,23
302,24
302,59
302,65
302,70
302,73
302,79
302,82
303,5
303,7
303,13
303,15
303,20
303,27
303,30
303,33
303,34
303,37
303,41
303,49
303,50
303,56
303,66
303,67
303,74
303,83
303,91
303,96
303,97
304,5
304,7
304,18
304,19
304,37
304,61
304,91
304,92
305,5
305,8
305,37
305,42
305,51
305,55
305,73
305,74
305,94
306,5
306,23
306,24
306,26
306,28
306,33
306,36
306,39
306,44
306,49
306,53
306,56
306,59
306,65
306,67
306,71
306,74
306,79
306,86
306,87
306,88
306,89
306,90
307,32
307,47
307,50
307,58
307,94
308,4
308,8
308,14
308,16
308,19
308,21
308,26
308,27
308,28
308,41
308,62
308,63
308,66
308,72
308,80
308,90
308,98
308,99
309,3
309,19
309,28
309,30
309,63
309,68
309,81
309,99
310,4
310,5
310,7
310,10
310,11
310,20
310,25
310,29
310,41
310,58
310,59
310,67
310,71
310,74
310,85
310,87
310,90
310,92
310,98
311,10
311,22
311,27
311,37
311,51
311,58
311,63
311,66
311,79
311,86
311,89
311,99
312,2
312,41
312,45
312,47
312,48
312,60
312,65
312,81
312,92
313,4
313,8
313,17
313,20
313,21
313,32
313,37
313,89
314,10
314,14
314,21
314,31
314,72
314,84
314,88
315,15
315,17
315,19
315,27
315,29
315,31
315,37
315,45
315,47
315,48
315,62
315,65
315,66
315,70
315,76
315,82
315,91
315,95
315,100
316,25
318,7
318,8
318,15
318,17
318,19
318,21
318,24
318,34
318,35
318,50
318,51
318,56
318,62
318,63
318,69
318,79
318,87
318,88
318,89
318,93
318,99
319,30
319,84
320,17
320,25
320,48
320,52
320,63
320,72
320,87
320,88
321,6
321,9
321,13
321,21
321,22
321,27
321,28
321,29
321,35
321,45
321,46
321,52
321,59
321,62
321,67
321,76
321,88
321,90
322,3
322,5
322,9
322,10
322,11
322,14
322,20
322,24
322,30
322,32
322,34
322,36
322,39
322,52
322,61
322,63
322,68
322,72
322,73
322,74
322,88
322,90
322,94
323,4
323,15
323,25
323,35
323,42
323,52
323,65
323,70
323,72
323,80
323,86
323,90
324,1
324,3
324,13
324,23
324,32
324,36
324,38
324,44
324,47
324,48
324,50
324,55
324,58
324,60
324,63
324,65
324,69
324,71
324,81
324,98
324,100
325,13
325,15
325,52
325,65
325,68
325,81
325,97
327,32
327,43
327,57
328,1
328,2
328,12
328,51
328,54
328,58
328,83
328,85
329,3
329,7
329,10
329,16
329,18
329,32
329,34
329,38
329,47
329,60
329,61
329,67
329,68
329,69
329,75
329,90
329,91
329,93
329,94
330,8
330,30
330,51
330,58
330,62
330,66
330,98
331,6
331,10
331,20
331,21
331,22
331,30
331,38
331,40
331,41
331,52
331,53
331,54
331,75
331,83
331,85
331,91
332,28
332,59
333,21
333,24
333,27
333,40
333,42
333,43
333,46
333,56
333,57
333,61
333,85
333,94
334,3
334,6
334,27
334,34
334,35
334,56
334,60
334,63
334,83
334,86
334,87
334,90
335,2
335,77
336,3
336,4
336,16
336,25
336,29
336,31
336,32
336,35
336,45
336,46
336,49
336,50
336,51
336,52
336,61
336,64
336,66
336,75
336,80
336,85
336,89
336,94
336,96
336,98
337,2
337,7
337,12
337,13
337,16
337,17
337,21
337,26
337,27
337,29
337,36
337,39
337,41
337,43
337,45
337,67
337,69
337,79
337,85
337,98
337,99
337,100
338,3
338,5
338,6
338,19
338,21
338,26
338,30
338,32
338,45
338,66
338,79
338,81
338,82
338,89
339,12
339,19
339,55
340,5
340,8
340,9
340,15
340,18
340,21
340,23
340,26
340,28
340,30
340,33
340,37
340,44
340,52
340,65
340,66
340,73
340,81
340,82
340,92
340,95
340,98
340,100
341,37
341,51
341,75
341,86
342,23
342,71
342,84
342,92
342,95
343,23
343,26
343,33
343,44
343,45
343,51
343,56
343,71
343,77
343,87
343,93
343,97
343,100
344,6
344,13
344,32
344,35
344,39
344,48
344,52
344,57
344,58
344,60
344,65
344,67
344,74
344,75
344,79
344,80
344,86
344,91
344,96
344,97
344,98
344,100
345,14
345,18
345,19
345,21
345,30
345,67
345,89
345,90
346,88
347,47
347,71
347,88
348,1
348,2
348,7
348,8
348,15
348,25
348,26
348,27
348,42
348,63
348,65
348,76
348,81
348,88
348,90
348,98
349,7
349,26
349,38
349,40
349,61
349,63
349,69
349,87
350,17
350,31
350,71
350,77
351,5
351,6
351,9
351,15
351,21
351,29
351,34
351,46
351,55
351,59
351,67
351,75
351,85
352,6
352,8
352,13
352,46
352,49
352,56
352,66
352,69
352,71
352,75
352,76
352,90
352,91
353,1
353,11
353,20
353,24
353,33
353,35
353,55
353,61
353,78
353,82
353,86
353,88
353,90
354,5
354,13
354,44
354,45
354,77
354,95
355,3
355,7
355,12
355,16
355,17
355,18
355,23
355,32
355,33
355,35
355,39
355,44
355,45
355,51
355,55
355,56
355,65
355,67
355,71
355,75
355,76
355,82
355,98
356,78
357,10
358,1
358,6
358,8
358,9
358,11
358,19
358,25
358,29
358,35
358,50
358,52
358,56
358,62
358,69
358,82
358,95
358,98
359,5
359,7
359,8
359,11
359,14
359,15
359,17
359,24
359,29
359,33
359,38
359,39
359,59
359,64
359,70
359,72
359,73
359,90
360,35
361,19
361,40
361,54
361,60
361,61
361,66
361,77
361,89
361,96
362,8
362,36
362,39
362,49
362,53
362,60
362,65
362,77
363,7
363,10
363,11
363,15
363,22
363,24
363,27
363,32
363,45
363,47
363,49
363,53
363,54
363,56
363,67
363,72
363,77
363,85
363,87
363,89
363,91
363,92
363,94
363,100
364,12
364,15
364,28
364,64
364,78
364,82
365,1
365,8
365,12
365,23
365,29
365,42
365,45
365,70
365,91
366,4
366,28
367,28
367,34
367,37
367,39
367,59
367,64
367,65
367,73
367,75
367,92
368,8
368,32
368,73
368,76
369,1
369,3
369,7
369,13
369,14
369,15
369,19
369,20
369,22
369,28
369,30
369,33
369,34
369,40
369,41
369,43
369,50
369,70
369,73
369,84
369,94
369,98
369,99
370,12
370,18
370,23
370,51
370,60
370,63
370,73
370,82
370,94
371,4
371,20
371,37
371,60
371,73
372,7
372,28
372,41
372,59
372,62
372,67
372,80
372,96
373,13
373,18
373,65
373,72
373,73
373,81
373,90
373,93
373,100
374,18
374,44
374,47
374,81
375,2
375,5
375,9
375,11
375,27
375,31
375,36
375,37
375,40
375,42
375,44
375,45
375,48
375,49
375,57
375,67
375,69
375,95
376,15
376,55
376,60
376,74
376,81
376,93
377,5
377,20
377,21
377,23
377,60
377,62
377,82
377,86
378,13
378,48
379,1
379,2
379,30
379,32
379,37
379,44
379,46
379,58
379,71
379,76
379,77
379,84
379,88
379,93
379,95
379,97
380,2
380,3
380,4
380,8
380,9
380,14
380,16
380,22
380,27
380,32
380,33
380,47
380,58
380,69
380,71
380,73
380,74
380,76
380,77
380,80
380,93
380,94
380,95
380,97
381,1
381,8
381,9
381,15
381,16
381,19
381,21
381,26
381,51
381,54
381,62
381,69
381,71
381,73
381,98
382,10
382,14
382,22
382,26
382,39
382,42
382,45
382,46
382,54
382,63
382,69
382,92
382,93
383,4
383,30
383,43
383,58
383,89
383,95
384,2
384,15
384,17
384,19
384,21
384,24
384,26
384,30
384,32
384,37
384,39
384,42
384,44
384,46
384,49
384,51
384,59
384,72
384,73
384,86
384,89
384,96
384,97
385,8
385,31
385,37
385,47
385,48
385,51
385,53
385,95
386,4
386,10
386,27
386,31
386,47
386,69
386,79
386,87
386,91
386,99
387,3
387,6
387,13
387,32
387,43
387,49
387,61
387,68
387,87
388,6
388,13
388,17
388,33
388,37
388,45
388,52
388,72
388,80
388,82
388,86
388,92
388,97
389,19
389,21
389,44
389,77
390,9
390,20
390,41
391,1
391,4
391,5
391,9
391,10
391,19
391,20
391,23
391,29
391,32
391,35
391,36
391,39
391,58
391,61
391,65
391,83
391,85
391,93
392,3
392,4
392,7
392,13
392,18
392,20
392,24
392,27
392,29
392,31
392,46
392,48
392,49
392,61
392,62
392,68
392,69
392,70
392,75
392,85
392,89
392,91
392,92
392,100
393,6
393,7
393,14
393,32
393,60
393,81
393,86
394,5
394,12
394,22
394,27
394,36
394,38
394,46
394,47
394,81
394,92
394,94
394,95
395,2
395,14
395,23
395,35
395,40
395,41
395,43
395,46
395,48
395,58
395,59
395,61
395,63
395,67
395,73
395,74
395,85
395,87
395,90
395,93
395,95
395,96
395,100
396,3
396,4
396,6
396,7
396,16
396,17
396,28
396,30
396,32
396,42
396,49
396,50
396,53
396,55
396,60
396,65
396,73
396,78
396,81
396,92
396,93
396,95
396,99
397,1
397,5
397,7
397,23
397,31
397,36
397,37
397,39
397,43
397,46
397,51
397,67
397,80
397,93
398,2
398,15
398,24
398,29
398,42
398,45
398,46
398,49
398,57
398,61
398,65
398,70
398,88
398,91
399,6
399,8
399,11
399,13
399,21
399,31
399,35
399,52
399,65
399,76
399,87
399,96
400,13
400,22
400,32
400,33
400,38
400,40
400,43
400,57
400,59
400,63
400,73
400,79
400,81
400,90
400,99
401,17
401,26
401,45
402,10
402,11
402,17
402,29
402,58
402,63
402,69
402,74
402,75
402,76
402,84
402,85
403,2
403,12
403,34
403,49
403,69
403,93
404,1
404,21
404,46
404,58
404,70
404,72
404,86
404,89
404,92
404,99
405,4
405,10
405,12
405,15
405,18
405,22
405,29
405,34
405,50
405,51
405,53
405,61
405,62
405,72
405,88
405,89
406,24
406,28
406,48
406,55
406,56
406,100
407,2
407,11
407,12
407,23
407,24
407,34
407,36
407,43
407,51
407,62
407,65
407,67
407,81
407,100
408,17
408,41
408,58
408,64
409,7
409,23
409,36
409,41
409,49
409,50
409,53
409,75
409,97
409,98
410,3
410,5
410,8
410,19
410,29
410,31
410,48
410,52
410,62
410,63
410,78
410,83
410,86
410,96
411,1
411,9
411,21
411,27
411,30
411,32
411,33
411,41
411,43
411,48
411,53
411,56
411,58
411,63
411,69
411,70
411,75
411,79
411,89
411,92
411,97
411,98
412,41
412,81
414,5
414,6
414,9
414,15
414,20
414,27
414,31
414,49
414,69
414,85
415,15
416,12
416,15
416,16
416,20
416,28
416,29
416,30
416,31
416,33
416,38
416,46
416,51
416,52
416,58
416,61
416,62
416,73
416,78
416,81
416,83
416,98
417,2
417,4
417,15
417,28
417,29
417,34
417,35
417,50
417,51
417,56
417,68
417,75
417,79
417,85
417,98
418,1
418,5
418,6
418,29
418,45
418,56
418,68
419,6
419,16
419,34
419,48
419,51
419,58
419,65
419,70
419,81
419,83
420,8
420,13
420,14
420,17
420,21
420,22
420,24
420,25
420,31
420,48
420,58
420,59
420,64
420,71
420,77
420,87
420,92
420,98
421,13
421,25
421,29
421,31
421,37
421,40
421,49
421,65
421,73
421,77
421,79
421,94
421,95
421,97
422,1
422,13
422,23
422,37
422,45
422,47
422,48
422,50
422,67
422,69
422,78
422,80
422,81
422,94
422,98
422,99
423,15
423,21
423,28
423,32
423,37
423,56
423,62
423,66
423,67
423,72
423,74
423,79
423,80
423,86
423,87
423,90
423,93
423,96
424,3
424,15
424,18
424,31
424,32
424,48
424,51
425,23
425,40
425,76
425,89
425,97
426,2
426,10
426,16
426,19
426,21
426,29
426,45
426,46
426,52
426,55
426,59
426,61
426,63
426,66
426,71
426,73
426,79
426,87
428,2
428,8
428,13
428,18
428,19
428,21
428,22
428,32
428,34
428,35
428,36
428,42
428,44
428,52
428,56
428,59
428,61
428,66
428,68
428,70
428,87
428,95
428,99
429,5
429,9
429,10
429,18
429,23
429,31
429,33
429,40
429,46
429,47
429,49
429,51
429,57
429,59
429,67
429,68
429,79
429,80
429,84
429,89
429,90
429,93
429,96
431,12
431,15
431,17
431,20
431,25
431,37
431,40
431,57
431,65
431,68
431,75
431,78
431,81
431,85
431,86
431,88
431,91
431,97
431,100
432,1
432,6
432,7
432,30
432,47
432,55
432,62
432,63
432,64
432,69
432,72
432,73
432,78
432,84
432,88
432,91
432,95
432,96
433,4
433,9
433,12
433,22
433,24
433,29
433,31
433,38
433,39
433,48
433,55
433,57
433,62
433,65
433,67
433,81
433,82
433,93
433,99
434,12
434,19
434,21
434,22
434,73
434,98
435,1
435,32
435,39
435,48
435,54
435,78
435,86
436,3
436,5
436,12
436,18
436,19
436,22
436,23
436,26
436,29
436,32
436,43
436,53
436,58
436,74
436,80
436,90
436,92
436,95
436,97
436,98
436,100
437,26
437,39
437,58
438,3
438,12
438,28
438,40
438,48
438,55
438,61
438,69
438,79
438,96
439,16
439,19
439,20
439,23
439,26
439,35
439,41
439,42
439,51
439,53
439,62
439,64
439,75
439,76
439,79
439,82
439,85
439,91
439,99
440,43
441,20
441,34
441,53
441,68
441,71
441,72
441,73
441,77
441,81
441,86
441,94
441,95
442,22
442,23
442,37
442,48
442,71
442,72
442,73
442,75
442,100
443,35
443,44
443,100
444,13
444,16
444,25
444,31
444,34
444,37
444,40
444,42
444,44
444,54
444,57
444,83
444,92
444,98
444,100
445,1
445,3
445,7
445,10
445,15
445,16
445,26
445,33
445,34
445,38
445,59
445,60
445,64
445,65
445,75
445,76
445,77
445,80
445,85
445,87
446,16
446,36
446,37
446,87
446,88
446,89
446,90
446,92
446,94
447,38
447,42
447,93
447,94
448,2
448,4
448,8
448,19
448,29
448,34
448,38
448,39
448,41
448,42
448,43
448,52
448,56
448,58
448,67
448,83
448,84
448,88
448,93
448,94
449,9
449,26
449,38
449,54
449,79
449,99
450,3
450,10
450,14
450,15
450,28
450,36
450,40
450,41
450,51
450,60
450,63
450,70
450,79
450,81
450,84
451,16
451,25
451,61
451,66
452,6
452,28
452,34
452,36
452,40
452,57
452,97
452,99
453,13
453,19
453,22
453,25
453,30
453,32
453,33
453,43
453,47
453,53
453,87
453,98
453,100
454,46
454,67
454,69
454,72
455,25
455,26
455,29
455,30
455,58
455,62
455,70
455,84
455,91
456,4
456,6
456,7
456,8
456,12
456,18
456,26
456,27
456,32
456,40
456,44
456,50
456,55
456,66
456,87
456,97
457,8
457,11
457,23
457,52
457,60
457,72
457,74
457,76
457,82
457,90
458,16
458,31
458,36
458,55
458,58
458,59
458,83
459,2
459,11
459,23
459,34
459,37
459,38
459,47
459,50
459,52
459,59
459,66
460,3
460,4
460,15
460,16
460,22
460,24
460,29
460,32
460,35
460,37
460,40
460,41
460,45
460,46
460,49
460,56
460,62
460,71
460,73
460,74
460,78
460,95
461,3
461,6
461,9
461,16
461,21
461,24
461,27
461,30
461,35
461,41
461,45
461,50
461,54
461,59
461,65
461,73
461,76
461,78
461,81
462,5
462,13
462,21
462,27
462,31
462,32
462,36
462,38
462,41
462,58
462,66
462,82
462,83
462,84
462,92
462,97
462,100
463,6
463,15
463,23
463,30
463,36
463,38
463,63
463,70
463,76
463,78
464,3
464,6
464,7
464,11
464,12
464,13
464,21
464,24
464,26
464,34
464,37
464,43
464,47
464,52
464,56
464,59
464,66
464,79
464,80
464,85
464,89
464,95
464,98
464,99
465,1
465,4
465,5
465,15
465,17
465,20
465,30
465,35
465,52
465,60
465,69
465,76
465,89
465,90
465,91
465,92
465,93
466,4
466,7
466,13
466,21
466,24
466,26
466,32
466,33
466,39
466,47
466,50
466,52
466,55
466,57
466,58
466,61
466,62
466,64
466,74
466,75
466,94
466,96
466,97
466,98
467,16
467,37
467,45
467,64
467,67
467,77
467,87
467,99
468,16
468,18
468,21
468,24
468,26
468,33
468,34
468,45
468,47
468,48
468,49
468,51
468,52
468,58
468,60
468,68
468,72
468,74
468,93
468,94
468,99
469,14
469,17
469,18
469,28
469,41
469,46
469,62
469,65
469,75
469,82
469,87
470,9
470,66
470,72
470,86
471,10
471,18
472,2
472,16
472,17
472,20
472,21
472,22
472,30
472,43
472,50
472,76
472,82
472,89
472,90
472,93
472,98
472,100
473,2
473,23
473,25
473,30
473,46
473,47
473,51
473,53
473,57
473,61
473,71
473,77
473,78
473,82
473,96
474,8
474,25
474,72
474,82
475,30
475,56
475,76
476,13
476,14
476,34
476,36
476,39
476,63
476,67
476,76
476,97
477,11
477,13
477,14
477,31
477,47
477,49
477,50
477,53
477,54
477,67
477,71
477,72
477,74
477,77
477,78
477,84
477,85
477,86
477,89
477,99
477,100
478,13
478,14
478,18
478,23
478,24
478,26
478,32
478,37
478,39
478,55
478,56
478,63
478,76
478,81
478,83
478,91
479,28
479,53
479,61
479,65
479,90
479,93
479,94
480,1
480,14
480,18
480,30
480,32
480,34
480,47
480,52
480,61
480,62
480,68
480,71
480,79
480,82
480,88
480,89
480,92
481,4
481,8
481,21
481,22
481,24
481,78
481,93
481,96
481,98
482,17
482,18
482,25
482,30
482,34
482,41
482,60
482,92
482,94
482,95
482,98
482,99
482,100
483,3
483,5
483,8
483,12
483,26
483,34
483,44
483,50
483,51
483,62
483,63
483,65
483,66
483,74
483,76
483,77
483,79
483,80
483,84
483,85
483,87
483,94
484,1
484,5
484,16
484,21
484,32
484,37
484,44
484,46
484,70
484,72
484,81
484,82
484,83
484,86
484,93
485,6
485,11
485,13
485,16
485,25
485,28
485,33
485,36
485,40
485,45
485,57
485,58
485,59
485,61
485,62
485,65
485,69
485,79
485,81
485,82
485,93
485,95
486,4
486,7
486,10
486,32
486,35
486,54
486,70
486,74
486,91
486,93
486,100
487,9
488,1
488,2
488,8
488,18
488,22
488,35
488,43
488,71
488,76
488,80
488,93
489,23
489,28
489,32
489,48
489,51
489,69
489,75
489,91
490,10
490,27
490,44
490,57
490,60
490,63
490,78
490,79
490,82
490,91
490,98
491,1
491,10
491,16
491,20
491,24
491,30
491,37
491,42
491,43
491,81
491,82
491,87
491,89
492,3
492,8
492,12
492,13
492,14
492,27
492,29
492,34
492,39
492,41
492,45
492,46
492,52
492,55
492,60
492,67
492,72
492,80
492,90
492,95
492,97
493,2
493,3
493,4
493,18
493,19
493,23
493,32
493,42
493,43
493,44
493,46
493,53
493,69
493,80
493,83
493,84
493,86
493,87
493,90
496,2
496,36
496,38
496,47
496,59
496,66
496,67
496,84
496,87
496,99
497,1
497,2
497,4
497,10
497,35
497,39
497,43
497,47
497,48
497,58
497,59
497,68
497,72
497,76
497,78
497,79
497,85
498,4
498,7
498,11
498,16
498,22
498,24
498,25
498,29
498,33
498,35
498,36
498,47
498,54
498,63
498,64
498,66
498,92
498,93
498,99
498,100
499,5
499,7
499,39
499,42
499,49
499,52
499,64
499,65
499,70
499,78
499,86
499,87
499,90
499,93
499,95
499,96
500,6
500,9
500,11
500,14
500,15
500,17
500,20
500,25
500,27
500,28
500,34
500,36
500,50
500,52
500,58
500,77
500,87
500,96
500,99
501,6
501,8
501,9
501,14
501,17
501,32
501,33
501,47
501,56
501,57
501,77
501,83
501,97
502,6
502,8
502,15
502,27
502,34
502,36
502,38
502,42
502,55
502,56
502,79
502,83
502,90
502,91
502,95
503,1
503,7
503,19
503,22
503,25
503,28
503,48
503,52
503,58
503,59
503,70
503,71
503,73
503,76
503,84
503,89
503,92
504,24
505,2
505,4
505,5
505,6
505,9
505,19
505,25
505,26
505,30
505,37
505,38
505,44
505,49
505,53
505,75
505,77
505,78
505,80
505,81
505,87
505,88
505,94
505,95
505,99
506,38
506,52
507,5
507,12
507,14
507,16
507,18
507,36
507,40
507,41
507,42
507,47
507,49
507,52
507,54
507,58
507,60
507,64
507,69
507,73
507,79
507,93
507,94
507,96
507,97
507,99
508,5
508,15
508,16
508,17
508,24
508,28
508,49
508,50
508,55
508,69
508,72
508,75
508,77
508,90
508,93
509,3
509,5
509,9
509,30
509,46
509,60
509,62
509,91
511,2
511,7
511,8
511,9
511,18
511,20
511,44
511,60
511,61
511,73
511,77
511,82
511,89
511,96
511,100
512,2
512,8
512,12
512,16
512,17
512,21
512,28
512,34
512,45
512,50
512,53
512,62
512,65
512,69
512,70
512,73
512,93
512,95
513,20
513,48
513,68
513,80
513,82
513,86
513,90
514,7
514,12
514,20
514,22
514,23
514,27
514,28
514,34
514,44
514,50
514,51
514,56
514,60
514,63
514,65
514,66
514,76
514,77
514,78
514,83
514,92
514,97
514,98
515,3
515,6
515,13
515,19
515,21
515,24
515,29
515,34
515,43
515,44
515,47
515,51
515,56
515,69
515,70
515,71
515,75
515,87
515,88
515,91
515,93
516,5
516,7
516,13
516,20
516,24
516,39
516,55
516,64
516,72
516,85
516,93
516,100
517,20
517,33
517,45
517,52
517,54
517,55
517,61
517,69
517,75
517,80
517,83
517,96
517,98
517,100
518,7
518,10
518,11
518,24
518,32
518,37
518,52
518,54
518,59
518,78
518,79
518,83
518,89
518,97
519,2
519,14
519,60
519,85
519,92
520,15
520,18
520,22
520,24
520,25
520,32
520,33
520,41
520,45
520,51
520,53
520,72
520,75
520,81
520,82
520,85
520,87
520,98
521,4
521,6
521,30
521,34
521,36
521,38
521,48
521,49
521,57
521,59
521,60
521,61
521,67
521,73
521,81
521,89
521,92
521,96
521,97
521,98
521,100
522,9
522,27
522,41
522,51
522,67
522,72
522,80
523,18
523,21
523,30
523,34
523,36
523,37
523,39
523,40
523,41
523,45
523,47
523,52
523,54
523,64
523,67
523,71
523,78
523,91
523,98
523,99
524,14
524,79
525,2
525,5
525,8
525,17
525,29
525,34
525,40
525,49
525,51
525,52
525,55
525,56
525,58
525,60
525,63
525,68
525,76
525,78
525,85
525,89
525,90
525,91
525,97
526,1
526,12
526,15
526,26
526,33
526,42
526,50
526,58
526,76
526,78
526,79
526,94
527,2
527,4
527,5
527,9
527,10
527,11
527,18
527,26
527,31
527,32
527,43
527,83
527,88
527,91
527,92
527,93
528,14
528,20
528,22
528,25
528,35
528,38
528,67
528,71
528,74
528,77
528,78
528,98
529,4
529,5
529,10
529,21
529,29
529,39
529,40
529,42
529,51
529,55
529,60
529,66
529,76
529,77
529,85
529,86
529,88
529,90
529,93
529,95
530,12
530,13
530,15
530,19
530,28
530,29
530,30
530,31
530,33
530,34
530,45
530,46
530,48
530,50
530,51
530,54
530,59
530,62
530,66
530,69
530,75
530,83
530,86
530,95
531,3
531,4
531,6
531,11
531,15
531,17
531,20
531,24
531,25
531,29
531,41
531,49
531,50
531,53
531,62
531,63
531,77
531,83
531,85
531,86
531,99
532,10
532,16
532,19
532,26
532,50
532,55
532,65
532,66
532,78
532,79
532,82
532,94
533,3
533,6
533,12
533,14
533,19
533,34
533,37
533,38
533,42
533,47
533,61
533,62
533,77
533,82
533,96
534,4
534,7
534,9
534,12
534,16
534,18
534,29
534,33
534,35
534,36
534,48
534,57
534,68
534,69
534,75
534,76
534,87
534,90
534,94
534,97
534,100
535,8
535,14
535,83
535,92
536,1
536,7
536,11
536,14
536,15
536,16
536,31
536,32
536,34
536,38
536,43
536,45
536,47
536,48
536,51
536,59
536,62
536,67
536,69
536,71
536,81
536,91
536,93
536,98
537,29
537,40
537,46
537,63
537,76
537,78
537,87
537,90
537,91
537,94
538,18
538,30
538,38
538,42
538,45
538,59
538,60
538,61
538,68
538,71
538,78
538,98
539,14
539,22
539,37
539,50
539,53
539,55
539,61
539,65
539,81
539,86
539,89
539,95
539,99
540,2
540,3
540,4
540,21
540,24
540,36
540,50
540,52
540,55
540,70
540,72
540,76
540,78
540,79
540,82
540,83
540,84
541,4
541,8
541,12
541,29
541,31
541,38
541,39
541,46
541,51
541,56
541,61
541,64
541,67
541,77
541,82
541,90
541,97
541,98
541,99
542,2
542,10
542,11
542,13
542,17
542,22
542,23
542,24
542,30
542,33
542,50
542,55
542,62
542,63
542,79
542,80
542,82
542,83
542,86
542,88
542,93
542,97
542,98
543,5
543,22
543,26
543,31
543,32
543,35
543,45
543,46
543,49
543,52
543,57
543,68
543,70
543,79
543,82
543,85
543,91
543,96
543,97
544,9
544,11
544,14
544,30
544,33
544,34
544,39
544,48
544,49
544,79
544,84
544,90
544,92
544,94
545,2
545,4
545,19
545,22
545,41
545,47
545,50
545,71
546,1
546,12
546,23
546,34
546,43
546,58
546,62
546,95
547,11
547,15
547,19
547,20
547,34
547,44
547,51
547,58
547,77
547,89
547,91
548,2
548,13
548,24
548,31
548,36
548,39
548,41
548,42
548,56
548,63
548,73
548,79
548,88
548,96
550,1
550,18
550,24
550,28
550,31
550,42
550,46
550,47
550,57
550,62
550,63
550,79
550,87
550,100
551,13
551,14
551,17
551,70
551,83
551,90
551,95
